{
  "id": "{B8507C97-2D35-434E-AE22-DEA8BCD88FAE}",
  "name": "AirFloor447",
  "type": "AirFloor",
  "position": [
    64.0863037109375,
    740.0040283203125,
    -986.2630004882812
  ],
  "rotation": [
    -0.16317591071128845,
    -0.9254165291786194,
    0.05939117819070816,
    0.33682408928871155
  ],
  "parameters": {
    "tags": {
      "RangeSpawning": {
        "rangeIn": 100,
        "rangeOut": 20
      }
    },
    "no": 392,
    "size": "MIDDLE",
    "moveType": "MOVE_NONE",
    "patrolType": "PATROL_RETURN",
    "timeType": "TIME_GLOBAL",
    "eventDriven": "EVENT_NONE",
    "isFall": false,
    "isSyncRot": false,
    "isSmoothMove": false,
    "isReverse": false,
    "isPressDead": false,
    "moveVector": [
      0,
      0,
      0
    ],
    "pathName": "",
    "locaterList": [],
    "waitTime": 0,
    "phase": 0,
    "speed": 10,
    "isPlayMovingSE": false,
    "isEnableTimeStop": false,
    "stopTime": 5,
    "timeStopGroupID": -1,
    "modelType": "MODEL_DEFAULT"
  }
}