{
  "id": "{00000000-0000-0000-0000-000000000000}",
  "name": "AirFloorNoID",
  "type": "AirFloorNoID",
  "position": [
    0.0,
    0.0,
    0.0
  ],
  "rotation": [
    0.0,
    0.0,
    0.0,
    0.0
  ],
  "parameters": {
    "tags": {
      "RangeSpawning": {
        "rangeIn": 1000.0,
        "rangeOut": 20.0
      }
    },
    "no": -1,
    "size": "SMALL",
    "moveType": "MOVE_NONE",
    "patrolType": "PATROL_RETURN",
    "timeType": "TIME_GLOBAL",
    "eventDriven": "EVENT_NONE",
    "isFall": false,
    "isSyncRot": false,
    "isSmoothMove": false,
    "isReverse": false,
    "isPressDead": false,
    "moveVector": [
      0.0,
      0.0,
      0.0
    ],
    "pathName": "",
    "locaterList": [
      "{00000000-0000-0000-0000-000000000000}"
    ],
    "waitTime": 0.0,
    "phase": 0.0,
    "speed": 10.0,
    "isPlayMovingSE": false,
    "isEnableTimeStop": false,
    "stopTime": 5.0,
    "timeStopGroupID": -1,
    "modelType": "MODEL_DEFAULT"
  }
}