{
  "id": "{00000000-0000-0000-0000-000000000000}",
  "name": "AirOneWayPanel",
  "type": "AirOneWayPanel",
  "position": [
    0.0,
    0.0,
    0.0
  ],
  "rotation": [
    0.0,
    0.0,
    0.0,
    0.0
  ],
  "parameters": {
    "tags": {
      "RangeSpawning": {
        "rangeIn": 1000.0,
        "rangeOut": 20.0
      }
    },
    "isStart": false,
    "startParam": {
      "eventDriven": false,
      "keepLightOnFail": false
    },
    "moveType": "MOVE_NONE",
    "moveStartType": "MOVE_START_SPAWN",
    "patrolType": "PATROL_RETURN",
    "timeType": "TIME_LOCAL",
    "isSyncRot": false,
    "isSmoothMove": false,
    "isReverse": false,
    "isPressDead": false,
    "moveVector": [
      0.0,
      0.0,
      0.0
    ],
    "pathName": "",
    "locaterList": [
      "{00000000-0000-0000-0000-000000000000}"
    ],
    "waitTime": 0.0,
    "phase": 0.0,
    "speed": 10.0
  }
}