{
  "id": "{00000000-0000-0000-0000-000000000000}",
  "name": "BallLaunchTrigger",
  "type": "BallLaunchTrigger",
  "position": [
    0.0,
    0.0,
    0.0
  ],
  "rotation": [
    0.0,
    0.0,
    0.0,
    0.0
  ],
  "parameters": {
    "tags": {
      "RangeSpawning": {
        "rangeIn": 1000.0,
        "rangeOut": 20.0
      }
    },
    "pathName": "",
    "minSpeed": 40.0,
    "maxSpeed": 60.0,
    "reverse": false,
    "passPlane": {
      "width": 5.0,
      "height": 5.0,
      "offset": [
        0.0,
        0.0,
        0.0
      ]
    }
  }
}