{
  "id": "{9DBEC438-2D5F-E04A-8355-B9FAB2E7E891}",
  "name": "Barrier1",
  "type": "Barrier",
  "position": [
    -106.90699768066406,
    257.06500244140625,
    -1021.739990234375
  ],
  "rotation": [
    0.001012067892588675,
    -0.9993393421173096,
    -0.017493529245257378,
    0.03184076026082039
  ],
  "parameters": {
    "tags": {
      "RangeSpawning": {
        "rangeIn": 100000,
        "rangeOut": 20
      }
    },
    "size": 1.600000023841858,
    "friendsList": [],
    "boss": "{00000000-0000-0000-0000-000000000000}"
  }
}