{
  "id": "{00000000-0000-0000-0000-000000000000}",
  "name": "BattingMachineManager",
  "type": "BattingMachineManager",
  "position": [
    0.0,
    0.0,
    0.0
  ],
  "rotation": [
    0.0,
    0.0,
    0.0,
    0.0
  ],
  "parameters": {
    "tags": {
      "RangeSpawning": {
        "rangeIn": 1000.0,
        "rangeOut": 20.0
      }
    },
    "no": 0,
    "limitTime": 60.0,
    "boundingTotalNum": 3,
    "batterBox": "{00000000-0000-0000-0000-000000000000}",
    "pitchingMachine": "{00000000-0000-0000-0000-000000000000}",
    "cameraParam": {
      "useCameraParam": true,
      "interoplateTimeActivate": 1.0,
      "interoplateTimeDeactivate": 1.0,
      "targetOffset": [
        0.0,
        0.0,
        0.0
      ],
      "cameraPosOffset": [
        0.0,
        0.0,
        0.0
      ]
    }
  }
}