{
  "id": "{00000000-0000-0000-0000-000000000000}",
  "name": "BeetonI",
  "type": "BeetonI",
  "position": [
    0.0,
    0.0,
    0.0
  ],
  "rotation": [
    0.0,
    0.0,
    0.0,
    0.0
  ],
  "parameters": {
    "tags": {
      "RangeSpawning": {
        "rangeIn": 1000.0,
        "rangeOut": 20.0
      }
    },
    "isFV": true,
    "moveParam": {
      "moveType": "FIXED",
      "destOffset": [
        0.0,
        0.0,
        0.0
      ],
      "pathName": "",
      "moveSpeed": 2.0
    },
    "attackParam": {
      "isAttack": true,
      "bulletSpeed": 5.0,
      "prepareTime": 1.0,
      "shotsNum": 3,
      "fireRate": 0.5,
      "fireInterval": 1.0,
      "searchDistance": 5.0,
      "searchAngle": 90.0,
      "bulletLifeTime": 10.0
    }
  }
}