    {
      "id": "{73816EDF-3A70-84F9-BBA9-D2E69858851B}",
      "name": "BoardingJumpBoard0",
      "type": "BoardingJumpBoard",
      "position": [0.0, 0.0, 0.0],
      "rotation": [0.0, 0.0, 0.0, 1.0],
      "parameters": {
        "tags": {
          "RangeSpawning": {
            "rangeIn": 400.0,
            "rangeOut": 20.0
          }
        },
        "distance": 20.0,
        "height": 0.0,
        "outStrength": 1.0,
        "inStrength": 3.0,
        "inAngle": 60.0,
        "impulseSpeedOn": 35.0,
        "outOfControl": 0.25,
        "motionTime": 2.5,
        "size": "SIZE_L",
        "actions": [
          {
            "action": "On",
            "objectIds": [],
            "delayTime": 0.0
          },
          {
            "action": "On",
            "objectIds": [],
            "delayTime": 0.0
          },
          {
            "action": "On",
            "objectIds": [],
            "delayTime": 0.0
          }
        ],
        "useTrick": "NONE",
        "moveType": "MOVE_NONE",
        "patrolType": "PATROL_RETURN",
        "timeType": "TIME_GLOBAL",
        "eventDriven": false,
        "isFall": false,
        "isSyncRot": false,
        "isSmoothMove": false,
        "isReverse": false,
        "moveVector": [
          0.0,
          0.0,
          0.0
        ],
        "pathName": "",
        "locaterList": [],
        "waitTime": 0.0,
        "phase": 0.0,
        "speed": 10.0,
        "isChange": true
      }
    }