{
  "id": "{00000000-0000-0000-0000-000000000000}",
  "name": "BombBoxCA",
  "type": "BombBoxCA",
  "position": [
    0.0,
    0.0,
    0.0
  ],
  "rotation": [
    0.0,
    0.0,
    0.0,
    0.0
  ],
  "parameters": {
    "tags": {
      "RangeSpawning": {
        "rangeIn": 1000.0,
        "rangeOut": 20.0
      }
    },
    "isTimer": false,
    "detectionRange": 1.0,
    "bombTime": 2.0,
    "alertTime": 1.0,
    "stopTime": 1.0,
    "eventDriven": false,
    "releaseAngle": 0.0,
    "releaseSpeed": 1.0,
    "gravity": 9.8,
    "cyActionOffsetY": 0.0,
    "isRespawn": false,
    "respawnTime": 10.0
  }
}