{
  "id": "{00000000-0000-0000-0000-000000000000}",
  "name": "BossCloud",
  "type": "BossCloud",
  "position": [
    0.0,
    0.0,
    0.0
  ],
  "rotation": [
    0.0,
    0.0,
    0.0,
    0.0
  ],
  "parameters": {
    "tags": {
      "RangeSpawning": {
        "rangeIn": 1000.0,
        "rangeOut": 20.0
      }
    },
    "no": 0,
    "distance": -1.0,
    "volume": {
      "ShapeType": "SHAPE_BOX",
      "basePoint": "BASE_CENTER",
      "CollisionFilter": "FILTER_DEFAULT",
      "CollisionWidth": 701.0,
      "CollisionHeight": 11.0,
      "CollisionDepth": 701.0,
      "CollisionOffset": [
        0.0,
        0.0,
        0.0
      ]
    },
    "hiddenList": [
      "{00000000-0000-0000-0000-000000000000}"
    ]
  }
}