{
  "id": "{00000000-0000-0000-0000-000000000000}",
  "name": "BossBitManager",
  "type": "BossBitManager",
  "position": [
    0.0,
    0.0,
    0.0
  ],
  "rotation": [
    0.0,
    0.0,
    0.0,
    0.0
  ],
  "parameters": {
    "tags": {
      "RangeSpawning": {
        "rangeIn": 1000.0,
        "rangeOut": 20.0
      }
    },
    "use": true,
    "bitIds": [
      "{00000000-0000-0000-0000-000000000000}"
    ],
    "waveName": "",
    "turnToTarget": false
  }
}