{
  "id": "{00000000-0000-0000-0000-000000000000}",
  "name": "BossNestCollider",
  "type": "BossNestCollider",
  "position": [
    0.0,
    0.0,
    0.0
  ],
  "rotation": [
    0.0,
    0.0,
    0.0,
    0.0
  ],
  "parameters": {
    "tags": {
      "RangeSpawning": {
        "rangeIn": 1000.0,
        "rangeOut": 20.0
      }
    },
    "no": 0,
    "shape": "Capsule",
    "offset": [
      0.0,
      0.0,
      0.0
    ],
    "extents": [
      0.0,
      0.0,
      0.0
    ],
    "radius": 230.0,
    "height": 150.0,
    "collidesWithCamera": false
  }
}