{
  "id": "{00000000-0000-0000-0000-000000000000}",
  "name": "CameraRailLook",
  "type": "CameraRailLook",
  "position": [
    0.0,
    0.0,
    0.0
  ],
  "rotation": [
    0.0,
    0.0,
    0.0,
    0.0
  ],
  "parameters": {
    "tags": {
      "RangeSpawning": {
        "rangeIn": 1000.0,
        "rangeOut": 20.0
      }
    },
    "fovy": 60.0,
    "distance": 3.0,
    "pathName": "",
    "pathOffset": 0.0,
    "gravityOffset": 0.0,
    "playerOffset": [
      0.0,
      0.0,
      0.0
    ],
    "worldOffset": [
      0.0,
      0.0,
      0.0
    ]
  }
}