    {
      "id": "{0172AA3A-AC9B-9D01-AFCF-65F0B0CDAA03}",
      "name": "CameraPan0",
      "type": "CameraPan",
      "position": [0.0, 0.0, 0.0],
      "parameters": {
        "tags": {
          "RangeSpawning": {
            "rangeIn": 10000.0,
            "rangeOut": 100.0
          }
        },
        "IsCameraView": true,
        "fovy": 45.0,
        "enableLimitAngle": false,
        "azimuthLimitAngle": 0.0,
        "elevationLimitAngle": 0.0,
        "gravityOffset": 0.0,
        "playerOffset": [
          0.0,
          0.0,
          0.0
        ],
        "worldOffset": [
          0.0,
          0.0,
          0.0
        ],
        "positionMode": "POS_MODE_FIX",
        "distance": 0.0
      }
    }