{
  "id": "{00000000-0000-0000-0000-000000000000}",
  "name": "CameraVolumeOnce",
  "type": "CameraVolumeOnce",
  "position": [
    0.0,
    0.0,
    0.0
  ],
  "rotation": [
    0.0,
    0.0,
    0.0,
    0.0
  ],
  "parameters": {
    "tags": {
      "RangeSpawning": {
        "rangeIn": 1000.0,
        "rangeOut": 20.0
      }
    },
    "target": "{00000000-0000-0000-0000-000000000000}",
    "priority": 0,
    "useHighPriority": false,
    "easeTimeEnter": 0.0,
    "easeTimeLeave": 0.0,
    "disableFreeMode": false
  }
}