{
  "id": "{00000000-0000-0000-0000-000000000000}",
  "name": "CameraTilt",
  "type": "CameraTilt",
  "position": [
    0.0,
    0.0,
    0.0
  ],
  "rotation": [
    0.0,
    0.0,
    0.0,
    0.0
  ],
  "parameters": {
    "tags": {
      "RangeSpawning": {
        "rangeIn": 1000.0,
        "rangeOut": 20.0
      }
    },
    "fovy": 45.0,
    "enableLimitAngle": false,
    "azimuthLimitAngle": 0.0,
    "gravityOffset": 0.0,
    "playerOffset": [
      0.0,
      0.0,
      0.0
    ],
    "lineOffset": 0.0,
    "positionMode": "POS_MODE_FIX",
    "distance": 60.0
  }
}