{
  "id": "{00000000-0000-0000-0000-000000000000}",
  "name": "CarrierCar",
  "type": "CarrierCar",
  "position": [
    0.0,
    0.0,
    0.0
  ],
  "rotation": [
    0.0,
    0.0,
    0.0,
    0.0
  ],
  "parameters": {
    "tags": {
      "RangeSpawning": {
        "rangeIn": 1000.0,
        "rangeOut": 20.0
      }
    },
    "outOfControl": 0.2,
    "keepVelocity": 0.2,
    "launchSpeed": 100.0,
    "launchAngle": 10.0,
    "posConst": true,
    "veloConst": true,
    "size": "SIZE_M",
    "actions": [
      {
        "action": "On",
        "objectIds": [
          "{00000000-0000-0000-0000-000000000000}"
        ],
        "delayTime": 0.0
      }
    ],
    "isUsingButtonAction": true,
    "addTime": 3.0,
    "moveType": "MOVE_NONE",
    "patrolType": "PATROL_RETURN",
    "timeType": "TIME_GLOBAL",
    "eventDriven": false,
    "isFall": false,
    "isSyncRot": false,
    "isSmoothMove": false,
    "isReverse": false,
    "moveVector": [
      0.0,
      0.0,
      0.0
    ],
    "pathName": "",
    "locaterList": [
      "{00000000-0000-0000-0000-000000000000}"
    ],
    "waitTime": 0.0,
    "phase": 0.0,
    "speed": 10.0
  }
}