{
  "id": "{00000000-0000-0000-0000-000000000000}",
  "name": "CGGAttachment",
  "type": "CGGAttachment",
  "position": [
    0.0,
    0.0,
    0.0
  ],
  "rotation": [
    0.0,
    0.0,
    0.0,
    0.0
  ],
  "parameters": {
    "tags": {
      "RangeSpawning": {
        "rangeIn": 1000.0,
        "rangeOut": 20.0
      }
    },
    "trigger": {
      "bootNum": 1,
      "delayTime": 0.0
    },
    "type": "Spring",
    "moveOffset": [
      0.0,
      0.0,
      0.0
    ],
    "moveTime": 0.5,
    "targetCursorMaxDistance": 20.0,
    "springParam": {
      "outOfControl": 0.2,
      "firstSpeed": 25.0,
      "keepVelocityDistance": 5.0,
      "direction": [
        0.0,
        0.0,
        0.0
      ]
    }
  }
}