{
  "id": "{00000000-0000-0000-0000-000000000000}",
  "name": "CGGLaser",
  "type": "CGGLaser",
  "position": [
    0.0,
    0.0,
    0.0
  ],
  "rotation": [
    0.0,
    0.0,
    0.0,
    0.0
  ],
  "parameters": {
    "tags": {
      "RangeSpawning": {
        "rangeIn": 1000.0,
        "rangeOut": 20.0
      }
    },
    "trigger": {
      "bootNum": 8,
      "delayTime": 0.0
    },
    "count": 1,
    "offset": 7.0,
    "length": 25.0,
    "moveType": "Rotate",
    "rotateTime": 10.0,
    "isClockWise": true
  }
}