{
  "id": "{00000000-0000-0000-0000-000000000000}",
  "name": "CGGNodeTiltAxis",
  "type": "CGGNodeTiltAxis",
  "position": [
    0.0,
    0.0,
    0.0
  ],
  "rotation": [
    0.0,
    0.0,
    0.0,
    0.0
  ],
  "parameters": {
    "tags": {
      "RangeSpawning": {
        "rangeIn": 1000.0,
        "rangeOut": 20.0
      }
    },
    "base": {
      "children": [
        "{00000000-0000-0000-0000-000000000000}"
      ]
    },
    "angle": 0.0,
    "speed": 0.0,
    "isClockWise": true
  }
}