{
  "id": "{00000000-0000-0000-0000-000000000000}",
  "name": "CGGRail",
  "type": "CGGRail",
  "position": [
    0.0,
    0.0,
    0.0
  ],
  "rotation": [
    0.0,
    0.0,
    0.0,
    0.0
  ],
  "parameters": {
    "tags": {
      "RangeSpawning": {
        "rangeIn": 1000.0,
        "rangeOut": 20.0
      }
    },
    "setParameter": {
      "normalType": "NOR_DEFAULT",
      "radius": 25.0,
      "divideRate": 1.0,
      "isReverse": false,
      "connectParam": {
        "isConnect": false,
        "connectType": "CONNECT_STRAIGHT",
        "splineTangentLength": 50.0
      }
    }
  }
}