{
  "id": "{00000000-0000-0000-0000-000000000000}",
  "name": "CGGResetBind",
  "type": "CGGResetBind",
  "position": [
    0.0,
    0.0,
    0.0
  ],
  "rotation": [
    0.0,
    0.0,
    0.0,
    0.0
  ],
  "parameters": {
    "tags": {
      "RangeSpawning": {
        "rangeIn": 1000.0,
        "rangeOut": 20.0
      }
    },
    "trigger": {
      "bootNum": 0,
      "delayTime": 0.0
    },
    "nextObjects": [
      "{00000000-0000-0000-0000-000000000000}"
    ]
  }
}