{
  "id": "{00000000-0000-0000-0000-000000000000}",
  "name": "ChangeBGMVolume",
  "type": "ChangeBGMVolume",
  "position": [
    0.0,
    0.0,
    0.0
  ],
  "rotation": [
    0.0,
    0.0,
    0.0,
    0.0
  ],
  "parameters": {
    "tags": {
      "RangeSpawning": {
        "rangeIn": 1000.0,
        "rangeOut": 20.0
      }
    },
    "id": 0,
    "width": 0.0,
    "height": 0.0,
    "depth": 0.0,
    "isStop": false,
    "oneTime": false,
    "autoRemoveRequest": false,
    "defaultBgmId": 0
  }
}