{
  "id": "{00000000-0000-0000-0000-000000000000}",
  "name": "ChangeSEAisacVolume",
  "type": "ChangeSEAisacVolume",
  "position": [
    0.0,
    0.0,
    0.0
  ],
  "rotation": [
    0.0,
    0.0,
    0.0,
    0.0
  ],
  "parameters": {
    "tags": {
      "RangeSpawning": {
        "rangeIn": 1000.0,
        "rangeOut": 20.0
      }
    },
    "aisacName": "",
    "targetAisacValue": 1.0,
    "fadeInTime": 3.0,
    "fadeOutTime": 0.0,
    "volume": {
      "ShapeType": "SHAPE_BOX",
      "basePoint": "BASE_CENTER",
      "CollisionFilter": "FILTER_DEFAULT",
      "CollisionWidth": 80.0,
      "CollisionHeight": 70.0,
      "CollisionDepth": 307.0,
      "CollisionOffset": [
        0.0,
        0.0,
        0.0
      ]
    }
  }
}