{
  "id": "{00000000-0000-0000-0000-000000000000}",
  "name": "CyloopTraceManager",
  "type": "CyloopTraceManager",
  "position": [
    0.0,
    0.0,
    0.0
  ],
  "rotation": [
    0.0,
    0.0,
    0.0,
    0.0
  ],
  "parameters": {
    "tags": {
      "RangeSpawning": {
        "rangeIn": 1000.0,
        "rangeOut": 20.0
      }
    },
    "no": 0,
    "volumeList": [
      "{00000000-0000-0000-0000-000000000000}"
    ],
    "samplePoint": "{00000000-0000-0000-0000-000000000000}"
  }
}