{
  "id": "{00000000-0000-0000-0000-000000000000}",
  "name": "DashRingCA",
  "type": "DashRingCA",
  "position": [
    0.0,
    0.0,
    0.0
  ],
  "rotation": [
    0.0,
    0.0,
    0.0,
    0.0
  ],
  "parameters": {
    "tags": {
      "RangeSpawning": {
        "rangeIn": 1000.0,
        "rangeOut": 20.0
      }
    },
    "visual": "HeartRing",
    "OutOfControl": 0.2,
    "KeepVelocity": 0.2,
    "Speed": 30.0,
    "PosConst": true,
    "VeloConst": true,
    "Spin": false,
    "AirTrick": false,
    "actions": [
      {
        "action": "On",
        "objectIds": [
          "{00000000-0000-0000-0000-000000000000}"
        ],
        "delayTime": 0.0
      }
    ],
    "pathMovement": {
      "moveType": "FIXED",
      "pathName": "",
      "locaterList": [
        "{00000000-0000-0000-0000-000000000000}"
      ],
      "twoPointOffset": [
        0.0,
        0.0,
        0.0
      ],
      "patrolType": "PATROL_RETURN",
      "timeType": "TIME_GLOBAL",
      "eventDriven": false,
      "isReverse": false,
      "waitTime": 0.0,
      "phase": 0.0,
      "speed": 10.0,
      "killWaitTSecOneway": 0.0
    },
    "collisionScale": [
      0.0,
      0.0,
      0.0
    ]
  }
}