{
  "id": "{00000000-0000-0000-0000-000000000000}",
  "name": "DragonIncidentCameraTrigger",
  "type": "DragonIncidentCameraTrigger",
  "position": [
    0.0,
    0.0,
    0.0
  ],
  "rotation": [
    0.0,
    0.0,
    0.0,
    0.0
  ],
  "parameters": {
    "tags": {
      "RangeSpawning": {
        "rangeIn": 1000.0,
        "rangeOut": 20.0
      }
    },
    "dragonIncident": "{00000000-0000-0000-0000-000000000000}",
    "passPlane": {
      "width": 70.0,
      "height": 30.0,
      "offset": [
        0.0,
        0.0,
        0.0
      ]
    }
  }
}