{
  "id": "{00000000-0000-0000-0000-000000000000}",
  "name": "DragonIncidentMissileTrigger",
  "type": "DragonIncidentMissileTrigger",
  "position": [
    0.0,
    0.0,
    0.0
  ],
  "rotation": [
    0.0,
    0.0,
    0.0,
    0.0
  ],
  "parameters": {
    "tags": {
      "RangeSpawning": {
        "rangeIn": 1000.0,
        "rangeOut": 20.0
      }
    },
    "dragonIncident": "{00000000-0000-0000-0000-000000000000}",
    "firstOffset": [
      0.0,
      0.0,
      0.0
    ],
    "secondOffset": [
      0.0,
      0.0,
      0.0
    ],
    "finishOffset": [
      0.0,
      0.0,
      0.0
    ],
    "preset": 5,
    "aimPlayer": false,
    "passPlane": {
      "width": 15.0,
      "height": 20.0,
      "offset": [
        0.0,
        0.0,
        0.0
      ]
    }
  }
}