{
  "id": "{00000000-0000-0000-0000-000000000000}",
  "name": "EnemySpawner",
  "type": "EnemySpawner",
  "position": [
    0.0,
    0.0,
    0.0
  ],
  "rotation": [
    0.0,
    0.0,
    0.0,
    0.0
  ],
  "parameters": {
    "tags": {
      "RangeSpawning": {
        "rangeIn": 1000.0,
        "rangeOut": 20.0
      }
    },
    "eventDriven": false,
    "saveEventDriven": false,
    "enableEffect": false,
    "isEgg": false,
    "searchDistanceOffset": 0.0,
    "size": [
      0.0,
      0.0,
      0.0
    ],
    "onGround": false,
    "territories": [
      "{00000000-0000-0000-0000-000000000000}"
    ],
    "disableChangeMode": false,
    "useTerritory": false,
    "isDeadRangeOut": false,
    "no": 0
  }
}