{
  "id": "{00000000-0000-0000-0000-000000000000}",
  "name": "EscapeLight",
  "type": "EscapeLight",
  "position": [
    0.0,
    0.0,
    0.0
  ],
  "rotation": [
    0.0,
    0.0,
    0.0,
    0.0
  ],
  "parameters": {
    "tags": {
      "RangeSpawning": {
        "rangeIn": 1000.0,
        "rangeOut": 20.0
      }
    },
    "no": 0,
    "eventDriven": false,
    "pathName": "",
    "velocity": 8.0,
    "duration": 1.0,
    "catchDistance": 6.0,
    "markerDistance": 7.0,
    "progressReduction": 0.5
  }
}