{
  "id": "{00000000-0000-0000-0000-000000000000}",
  "name": "Event",
  "type": "Event",
  "position": [
    0.0,
    0.0,
    0.0
  ],
  "rotation": [
    0.0,
    0.0,
    0.0,
    0.0
  ],
  "parameters": {
    "tags": {
      "RangeSpawning": {
        "rangeIn": 1000.0,
        "rangeOut": 20.0
      }
    },
    "no": 0,
    "eventID": "",
    "pageName": "",
    "pageIndex": -1,
    "useDefaultPath": true,
    "showEnemy": false,
    "playerAfterIdle": true,
    "isSkipDisable": true,
    "isFrozen": true,
    "camera": {
      "camInterpolateTimeOnStart": 0.0,
      "camInterpolateTimeOnFinish": 0.0,
      "setCameraLookAt": true,
      "cameraLookAtTarget": "{00000000-0000-0000-0000-000000000000}",
      "cameraLookAt": [
        0.0,
        0.0,
        0.0
      ]
    },
    "playerTrans": "{00000000-0000-0000-0000-000000000000}",
    "limitFps30": false
  }
}