{
  "id": "{00000000-0000-0000-0000-000000000000}",
  "name": "ExDashRingCA",
  "type": "ExDashRingCA",
  "position": [
    0.0,
    0.0,
    0.0
  ],
  "rotation": [
    0.0,
    0.0,
    0.0,
    0.0
  ],
  "parameters": {
    "tags": {
      "RangeSpawning": {
        "rangeIn": 1000.0,
        "rangeOut": 20.0
      }
    },
    "OutOfControl": 1.0,
    "KeepVelocity": 0.2,
    "Speed": 50.0,
    "VeloConst": true,
    "collisionScale": [
      0.0,
      0.0,
      0.0
    ],
    "eventDriven": false,
    "actions": [
      {
        "action": "On",
        "objectIds": [
          "{00000000-0000-0000-0000-000000000000}"
        ],
        "delayTime": 0.0
      }
    ],
    "passPlane": {
      "radius": 5.0,
      "offset": [
        0.0,
        0.0,
        0.0
      ]
    }
  }
}