{
  "id": "{00000000-0000-0000-0000-000000000000}",
  "name": "ExtendPillar",
  "type": "ExtendPillar",
  "position": [
    0.0,
    0.0,
    0.0
  ],
  "rotation": [
    0.0,
    0.0,
    0.0,
    0.0
  ],
  "parameters": {
    "tags": {
      "RangeSpawning": {
        "rangeIn": 1000.0,
        "rangeOut": 20.0
      }
    },
    "no": -1,
    "minHeight": 4.0,
    "maxHeight": 30.0,
    "isUseTime": true,
    "extendTime": 30.0,
    "cameraParam": {
      "useCameraParam": true,
      "interoplateTimeActivate": 0.0,
      "interoplateTimeDeactivate": 0.0,
      "targetOffset": [
        0.0,
        0.0,
        0.0
      ],
      "cameraPosOffset": [
        0.0,
        0.0,
        0.0
      ]
    },
    "isUpdPlayerHold": true
  }
}