    {
      "id": "{9BA62798-50B6-3FAF-18E6-01BDBCF68012}",
      "name": "FallDeadTrigger0",
      "type": "FallDeadTrigger",
      "position": [0.0, 0.0, 0.0],
      "rotation": [0.0, 0.0, 0.0, 1.0],
      "parameters": {
        "tags": {
          "RangeSpawning": {
            "rangeIn": 10000.0,
            "rangeOut": 100.0
          }
        },
        "drive": "DRIVE_RANGE",
        "distance": -1.0,
        "volume": {
          "ShapeType": "SHAPE_BOX",
          "basePoint": "BASE_CENTER",
          "CollisionFilter": "FILTER_DEFAULT",
          "CollisionWidth": 10.0,
          "CollisionHeight": 5.0,
          "CollisionDepth": 10.0,
          "CollisionOffset": [
            0.0,
            0.0,
            0.0
          ]
        }
      }
    }