{
  "id": "{00000000-0000-0000-0000-000000000000}",
  "name": "FisherSonic",
  "type": "FisherSonic",
  "position": [
    0.0,
    0.0,
    0.0
  ],
  "rotation": [
    0.0,
    0.0,
    0.0,
    0.0
  ],
  "parameters": {
    "tags": {
      "RangeSpawning": {
        "rangeIn": 1000.0,
        "rangeOut": 20.0
      }
    },
    "castPointCenter": [
      0.0,
      0.0,
      0.0
    ],
    "castPointRadius": 5.0,
    "finishPoint": [
      0.0,
      0.0,
      0.0
    ],
    "largeFishPoint": [
      0.0,
      0.0,
      0.0
    ]
  }
}