{
  "id": "{00000000-0000-0000-0000-000000000000}",
  "name": "FlashSwitch",
  "type": "FlashSwitch",
  "position": [
    0.0,
    0.0,
    0.0
  ],
  "rotation": [
    0.0,
    0.0,
    0.0,
    0.0
  ],
  "parameters": {
    "tags": {
      "RangeSpawning": {
        "rangeIn": 1000.0,
        "rangeOut": 20.0
      }
    },
    "no": 0,
    "eventDriven": false,
    "offTime": 10.0,
    "phase": 0.0,
    "stopTime": 5.0,
    "timeStopGroupID": -1,
    "isHomingAttack": true,
    "isConstrain": false,
    "actions": [
      {
        "action": "On",
        "objectIds": [
          "{00000000-0000-0000-0000-000000000000}"
        ],
        "delayTime": 0.0
      }
    ]
  }
}