{
  "id": "{00000000-0000-0000-0000-000000000000}",
  "name": "FloorPuzzleSwitch",
  "type": "FloorPuzzleSwitch",
  "position": [
    0.0,
    0.0,
    0.0
  ],
  "rotation": [
    0.0,
    0.0,
    0.0,
    0.0
  ],
  "parameters": {
    "tags": {
      "RangeSpawning": {
        "rangeIn": 1000.0,
        "rangeOut": 20.0
      }
    },
    "no": 0,
    "eventDriven": false,
    "condition": "COND_ENTER",
    "activateTime": 0.0,
    "weightType": "OBJECT_WEIGHT_LIGHT",
    "isViewTimer": false
  }
}