{
  "id": "{00000000-0000-0000-0000-000000000000}",
  "name": "Gate",
  "type": "Gate",
  "position": [
    0.0,
    0.0,
    0.0
  ],
  "rotation": [
    0.0,
    0.0,
    0.0,
    0.0
  ],
  "parameters": {
    "tags": {
      "RangeSpawning": {
        "rangeIn": 1000.0,
        "rangeOut": 20.0
      }
    },
    "no": 0,
    "useExternalCam": true,
    "defaultCam": {
      "camEyeOffset": [
        0.0,
        0.0,
        0.0
      ],
      "easeTimeOn": 1.0,
      "easeTimeOff": 1.0
    },
    "scale": 1.0
  }
}