{
  "id": "{00000000-0000-0000-0000-000000000000}",
  "name": "GiantIncident",
  "type": "GiantIncident",
  "position": [
    0.0,
    0.0,
    0.0
  ],
  "rotation": [
    0.0,
    0.0,
    0.0,
    0.0
  ],
  "parameters": {
    "tags": {
      "RangeSpawning": {
        "rangeIn": 1000.0,
        "rangeOut": 20.0
      }
    },
    "startPos": "{00000000-0000-0000-0000-000000000000}",
    "endPos": "{00000000-0000-0000-0000-000000000000}",
    "endLookAt": "{00000000-0000-0000-0000-000000000000}",
    "giant": "{00000000-0000-0000-0000-000000000000}",
    "rocks": [
      "{00000000-0000-0000-0000-000000000000}"
    ]
  }
}