{
  "id": "{00000000-0000-0000-0000-000000000000}",
  "name": "GiantDrainPlug",
  "type": "GiantDrainPlug",
  "position": [
    0.0,
    0.0,
    0.0
  ],
  "rotation": [
    0.0,
    0.0,
    0.0,
    0.0
  ],
  "parameters": {
    "tags": {
      "RangeSpawning": {
        "rangeIn": 1000.0,
        "rangeOut": 20.0
      }
    },
    "eventWaitTime": 1.0,
    "eventHiddenList": [
      "{00000000-0000-0000-0000-000000000000}"
    ],
    "afterEventPosition": "{00000000-0000-0000-0000-000000000000}",
    "afterEventLookAt": "{00000000-0000-0000-0000-000000000000}"
  }
}