{
  "id": "{00000000-0000-0000-0000-000000000000}",
  "name": "GuideLight",
  "type": "GuideLight",
  "position": [
    0.0,
    0.0,
    0.0
  ],
  "rotation": [
    0.0,
    0.0,
    0.0,
    0.0
  ],
  "parameters": {
    "tags": {
      "RangeSpawning": {
        "rangeIn": 1000.0,
        "rangeOut": 20.0
      }
    },
    "no": 0,
    "pathName": "",
    "setType": "NodeID",
    "num": 5,
    "setNodeList": [
      "{00000000-0000-0000-0000-000000000000}"
    ],
    "isLimitedTime": true,
    "startHour": 20,
    "startMin": 38,
    "endHour": 4,
    "endMin": 10,
    "delayTime": 1.5
  }
}