{
  "id": "{00000000-0000-0000-0000-000000000000}",
  "name": "HeroSagePoint",
  "type": "HeroSagePoint",
  "position": [
    0.0,
    0.0,
    0.0
  ],
  "rotation": [
    0.0,
    0.0,
    0.0,
    0.0
  ],
  "parameters": {
    "tags": {
      "RangeSpawning": {
        "rangeIn": 1000.0,
        "rangeOut": 20.0
      }
    },
    "accessDistance": 0.0,
    "offsetPos": [
      0.0,
      0.0,
      0.0
    ],
    "offsetRot": [
      0.0,
      0.0,
      0.0
    ]
  }
}