{
  "id": "{00000000-0000-0000-0000-000000000000}",
  "name": "ImpactPuzzleSwitch",
  "type": "ImpactPuzzleSwitch",
  "position": [
    0.0,
    0.0,
    0.0
  ],
  "rotation": [
    0.0,
    0.0,
    0.0,
    0.0
  ],
  "parameters": {
    "tags": {
      "RangeSpawning": {
        "rangeIn": 1000.0,
        "rangeOut": 20.0
      }
    },
    "no": 0,
    "eventDriven": false,
    "condition": "COND_ONCE",
    "activateTime": 0.0,
    "deactivateOnAttacked": false,
    "haBounceY": 20.0,
    "haBounceZ": 15.0
  }
}