{
  "id": "{00000000-0000-0000-0000-000000000000}",
  "name": "IslandJumpBoard",
  "type": "IslandJumpBoard",
  "position": [
    0.0,
    0.0,
    0.0
  ],
  "rotation": [
    0.0,
    0.0,
    0.0,
    0.0
  ],
  "parameters": {
    "tags": {
      "RangeSpawning": {
        "rangeIn": 1000.0,
        "rangeOut": 20.0
      }
    },
    "no": 0,
    "distance": 0.0,
    "distanceX": 0.0,
    "height": 0.0,
    "outStrength": 0.0,
    "inStrength": 0.0,
    "inAngle": 0.0,
    "impulseSpeedOn": 0.0,
    "outOfControl": 0.0,
    "motionTime": 0.0,
    "isEventOn": false,
    "airtrick": false
  }
}