{
  "id": "{00000000-0000-0000-0000-000000000000}",
  "name": "IslandCannonCA",
  "type": "IslandCannonCA",
  "position": [
    0.0,
    0.0,
    0.0
  ],
  "rotation": [
    0.0,
    0.0,
    0.0,
    0.0
  ],
  "parameters": {
    "tags": {
      "RangeSpawning": {
        "rangeIn": 1000.0,
        "rangeOut": 20.0
      }
    },
    "modelType": "FV",
    "rotateType": "LeftRight",
    "rotateRangeStart": 30.0,
    "rotateRangeEnd": 150.0,
    "rotateSpeed": 150.0,
    "verticalAngle": 45.0,
    "numOfDirections": 1,
    "launchParam": [
      {
        "direction": [
          0.0,
          0.0,
          0.0
        ],
        "firstSpeed": 40.0,
        "keepVelocityDistance": 0.2,
        "outOfControl": 0.2
      }
    ],
    "actions": [
      {
        "action": "On",
        "objectIds": [
          "{00000000-0000-0000-0000-000000000000}"
        ],
        "delayTime": 0.0
      }
    ]
  }
}