{
  "id": "{00000000-0000-0000-0000-000000000000}",
  "name": "IslandSpring",
  "type": "IslandSpring",
  "position": [
    0.0,
    0.0,
    0.0
  ],
  "rotation": [
    0.0,
    0.0,
    0.0,
    0.0
  ],
  "parameters": {
    "tags": {
      "RangeSpawning": {
        "rangeIn": 1000.0,
        "rangeOut": 20.0
      }
    },
    "no": 0,
    "visual": "Normal",
    "firstSpeed": 20.0,
    "outOfControl": 0.2,
    "keepVelocityDistance": 5.0,
    "isEventOn": true,
    "isHorizon": false,
    "isVisible": true,
    "actions": [
      {
        "action": "On",
        "objectIds": [
          "{00000000-0000-0000-0000-000000000000}"
        ],
        "delayTime": 0.0
      }
    ]
  }
}