{
  "id": "{00000000-0000-0000-0000-000000000000}",
  "name": "KodamaTower",
  "type": "KodamaTower",
  "position": [
    0.0,
    0.0,
    0.0
  ],
  "rotation": [
    0.0,
    0.0,
    0.0,
    0.0
  ],
  "parameters": {
    "tags": {
      "RangeSpawning": {
        "rangeIn": 1000.0,
        "rangeOut": 20.0
      }
    },
    "no": 0,
    "cyloopSignDistance": 200.0,
    "cyloopSignTolerance": 20.0,
    "hiddenList": [
      "{00000000-0000-0000-0000-000000000000}"
    ]
  }
}