{
  "id": "{00000000-0000-0000-0000-000000000000}",
  "name": "KodamaLauncherCA",
  "type": "KodamaLauncherCA",
  "position": [
    0.0,
    0.0,
    0.0
  ],
  "rotation": [
    0.0,
    0.0,
    0.0,
    0.0
  ],
  "parameters": {
    "tags": {
      "RangeSpawning": {
        "rangeIn": 1000.0,
        "rangeOut": 20.0
      }
    },
    "numKodamas": 40,
    "splashMinRadius": 0.3,
    "splashMaxRadius": 2.5,
    "launchAngle": 35.0,
    "launchMaxSpeed": 12.0,
    "launchMinSpeed": 0.5
  }
}