{
  "id": "{00000000-0000-0000-0000-000000000000}",
  "name": "KodamaMaster",
  "type": "KodamaMaster",
  "position": [
    0.0,
    0.0,
    0.0
  ],
  "rotation": [
    0.0,
    0.0,
    0.0,
    0.0
  ],
  "parameters": {
    "tags": {
      "RangeSpawning": {
        "rangeIn": 1000.0,
        "rangeOut": 20.0
      }
    },
    "no": 0,
    "trialType": "Dragon",
    "stateType": "Access",
    "trialEndObj": "{00000000-0000-0000-0000-000000000000}",
    "eventName": "",
    "useDefaultPath": true,
    "hiddenList": [
      "{00000000-0000-0000-0000-000000000000}"
    ],
    "guideCircleEnabled": false,
    "guideCircleOffset": [
      0.0,
      0.0,
      0.0
    ]
  }
}