{
  "id": "{00000000-0000-0000-0000-000000000000}",
  "name": "LimitedTimeGate",
  "type": "LimitedTimeGate",
  "position": [
    0.0,
    0.0,
    0.0
  ],
  "rotation": [
    0.0,
    0.0,
    0.0,
    0.0
  ],
  "parameters": {
    "tags": {
      "RangeSpawning": {
        "rangeIn": 1000.0,
        "rangeOut": 20.0
      }
    },
    "no": 0,
    "pathName": "",
    "setType": "NodeID",
    "num": 5,
    "setNodeList": [
      "{00000000-0000-0000-0000-000000000000}"
    ],
    "linkObj": "{00000000-0000-0000-0000-000000000000}",
    "colSize": 1.5,
    "isRespawn": false,
    "respawnLTGates": [
      "{00000000-0000-0000-0000-000000000000}"
    ]
  }
}