{
  "id": "{00000000-0000-0000-0000-000000000000}",
  "name": "LineFlower",
  "type": "LineFlower",
  "position": [
    0.0,
    0.0,
    0.0
  ],
  "rotation": [
    0.0,
    0.0,
    0.0,
    0.0
  ],
  "parameters": {
    "tags": {
      "RangeSpawning": {
        "rangeIn": 1000.0,
        "rangeOut": 20.0
      }
    },
    "no": 0,
    "pathName": "",
    "setType": "EquallySpaced",
    "num": 20,
    "setNodeList": [
      "{00000000-0000-0000-0000-000000000000}"
    ]
  }
}