{
  "id": "{00000000-0000-0000-0000-000000000000}",
  "name": "LineEffectGenerator",
  "type": "LineEffectGenerator",
  "position": [
    0.0,
    0.0,
    0.0
  ],
  "rotation": [
    0.0,
    0.0,
    0.0,
    0.0
  ],
  "parameters": {
    "tags": {
      "RangeSpawning": {
        "rangeIn": 1000.0,
        "rangeOut": 20.0
      }
    },
    "bySwitch": false,
    "appearRange": [
      0.0,
      0.0,
      0.0
    ],
    "intervalMin": 0.5,
    "intervalMax": 1.0,
    "distance": 150.0,
    "moveRange": [
      0.0,
      0.0
    ]
  }
}