{
  "id": "{00000000-0000-0000-0000-000000000000}",
  "name": "LoopAreaVolume",
  "type": "LoopAreaVolume",
  "position": [
    0.0,
    0.0,
    0.0
  ],
  "rotation": [
    0.0,
    0.0,
    0.0,
    0.0
  ],
  "parameters": {
    "tags": {
      "RangeSpawning": {
        "rangeIn": 1000.0,
        "rangeOut": 20.0
      }
    },
    "pathName": "",
    "volume": {
      "ShapeType": "SHAPE_BOX",
      "basePoint": "BASE_Z_PLANE",
      "CollisionFilter": "FILTER_DEFAULT",
      "CollisionWidth": 11.0,
      "CollisionHeight": 20.0,
      "CollisionDepth": 37.0,
      "CollisionOffset": [
        0.0,
        0.0,
        0.0
      ]
    }
  }
}