{
  "id": "{00000000-0000-0000-0000-000000000000}",
  "name": "Obj3DPuzzle",
  "type": "Obj3DPuzzle",
  "position": [
    0.0,
    0.0,
    0.0
  ],
  "rotation": [
    0.0,
    0.0,
    0.0,
    0.0
  ],
  "parameters": {
    "tags": {
      "RangeSpawning": {
        "rangeIn": 1000.0,
        "rangeOut": 20.0
      }
    },
    "no": 0,
    "modelType": "isl_obj_3DpuzzleC",
    "modelOffset": [
      0.0,
      0.0,
      0.0
    ],
    "locator": "{00000000-0000-0000-0000-000000000000}",
    "correctModelOrder": [
      "None"
    ],
    "maxPossiblePuzzleSize": {
      "numRows": 5,
      "numColumns": 5,
      "numLayers": 8
    },
    "totalNumBlocksAvailable": 5,
    "numVerticalCellsOfCorrectAnswer": 5,
    "numCellsFromBlockPosForWarpEffect": 4,
    "copyPosOffsetFromCurAnswerTop": 9,
    "numCellsToLevitate": 1,
    "effectScaleOnRewind": 0.5,
    "effectSpeedOnRewind": 2.0,
    "correctShape": {
      "layers": [
        {
          "rows": [
            {
              "columns": [
                "Transparent"
              ]
            }
          ]
        }
      ]
    },
    "blockList": [
      "{00000000-0000-0000-0000-000000000000}"
    ]
  }
}