{
  "id": "{00000000-0000-0000-0000-000000000000}",
  "name": "OneWayPanelManager",
  "type": "OneWayPanelManager",
  "position": [
    0.0,
    0.0,
    0.0
  ],
  "rotation": [
    0.0,
    0.0,
    0.0,
    0.0
  ],
  "parameters": {
    "tags": {
      "RangeSpawning": {
        "rangeIn": 1000.0,
        "rangeOut": 20.0
      }
    },
    "no": 0,
    "panelList": [
      "{00000000-0000-0000-0000-000000000000}"
    ],
    "firstStartPanel": "{00000000-0000-0000-0000-000000000000}",
    "dummyList": [
      "{00000000-0000-0000-0000-000000000000}"
    ],
    "useTimer": false,
    "time": 30.0,
    "camActivator": "{00000000-0000-0000-0000-000000000000}"
  }
}