{
  "id": "{00000000-0000-0000-0000-000000000000}",
  "name": "PathSpiral",
  "type": "PathSpiral",
  "position": [
    0.0,
    0.0,
    0.0
  ],
  "rotation": [
    0.0,
    0.0,
    0.0,
    0.0
  ],
  "parameters": {
    "tags": {
      "RangeSpawning": {
        "rangeIn": 1000.0,
        "rangeOut": 20.0
      }
    },
    "setParameter": {
      "rotDir": "ROT_DIR_LEFT",
      "inRadius": 10.0,
      "outRadius": 10.0,
      "angle": 360.0,
      "shiftDistance": 0.0,
      "inDistance": 0.0,
      "outDistance": 0.0,
      "easingForce": 0.0,
      "easingPoint": "BothPoint",
      "connectParam": {
        "isConnect": false,
        "connectType": "CONNECT_STRAIGHT",
        "splineTangentLength": 50.0
      }
    }
  }
}