{
  "id": "{00000000-0000-0000-0000-000000000000}",
  "name": "PathConnector",
  "type": "PathConnector",
  "position": [
    0.0,
    0.0,
    0.0
  ],
  "rotation": [
    0.0,
    0.0,
    0.0,
    0.0
  ],
  "parameters": {
    "tags": {
      "RangeSpawning": {
        "rangeIn": 1000.0,
        "rangeOut": 20.0
      }
    },
    "pathUID": 0,
    "pathType": "GR_PATH",
    "pathList": [
      "{00000000-0000-0000-0000-000000000000}"
    ],
    "isLoopPath": false,
    "divideLength": 1.0,
    "isMovable": false
  }
}