{
  "id": "{00000000-0000-0000-0000-000000000000}",
  "name": "PipeCap",
  "type": "PipeCap",
  "position": [
    0.0,
    0.0,
    0.0
  ],
  "rotation": [
    0.0,
    0.0,
    0.0,
    0.0
  ],
  "parameters": {
    "tags": {
      "RangeSpawning": {
        "rangeIn": 1000.0,
        "rangeOut": 20.0
      }
    },
    "springId": "{00000000-0000-0000-0000-000000000000}",
    "pathName": "",
    "isRideOnOnly": true,
    "pipeMoveVelocity": 25.0,
    "shotVelocity": 10.0,
    "colliderHeight": 1.0,
    "colliderRadius": 0.7,
    "signalSec": 0.1
  }
}