{
  "id": "{00000000-0000-0000-0000-000000000000}",
  "name": "PitchingMachine",
  "type": "PitchingMachine",
  "position": [
    0.0,
    0.0,
    0.0
  ],
  "rotation": [
    0.0,
    0.0,
    0.0,
    0.0
  ],
  "parameters": {
    "tags": {
      "RangeSpawning": {
        "rangeIn": 1000.0,
        "rangeOut": 20.0
      }
    },
    "no": 0,
    "coolDown": 0.1,
    "coolDownRandom": 0.0,
    "shootVelocity": 50.0,
    "lifeTime": 1.0,
    "batterBox": "{00000000-0000-0000-0000-000000000000}"
  }
}