    {
      "id": "{9CD7FE6B-96C8-8C27-55E8-160D295653B6}",
      "name": "PropellerSpring0",
      "type": "PropellerSpring",
      "position": [0.0, 0.0, 0.0],
      "rotation": [0.0, 0.0, 0.0, 1.0],
      "parameters": {
        "tags": {
          "RangeSpawning": {
            "rangeIn": 400.0,
            "rangeOut": 20.0
          }
        },
        "firstSpeedHA": 15.0,
        "outOfControlHA": 0.25,
        "keepVelocityDistanceHA": 5.0,
        "firstSpeed": 5.0,
        "outOfControl": 0.0,
        "keepVelocityDistance": 3.0,
        "isEventOn": false,
        "airtrick": false,
        "riseSpeed": 7.5,
        "riseHeight": 7.5,
        "maxHeight": 20.0,
        "fallSpeed": 5.0,
        "fallWaitTime": 0.0,
        "actions": [
          {
            "action": "On",
            "objectIds": [],
            "delayTime": 0.0
          },
          {
            "action": "On",
            "objectIds": [],
            "delayTime": 0.0
          },
          {
            "action": "On",
            "objectIds": [],
            "delayTime": 0.0
          }
        ]
      }
    }