{
  "id": "{00000000-0000-0000-0000-000000000000}",
  "name": "PuzzleBarrierOpacity",
  "type": "PuzzleBarrierOpacity",
  "position": [
    0.0,
    0.0,
    0.0
  ],
  "rotation": [
    0.0,
    0.0,
    0.0,
    0.0
  ],
  "parameters": {
    "tags": {
      "RangeSpawning": {
        "rangeIn": 1000.0,
        "rangeOut": 20.0
      }
    },
    "no": 0,
    "numSides": 0,
    "includeObj": [
      "{00000000-0000-0000-0000-000000000000}"
    ],
    "useSubCameraDisappear": false,
    "cameraDisappear": "{00000000-0000-0000-0000-000000000000}",
    "disappearWaitTime": 0.0
  }
}