{
  "id": "{00000000-0000-0000-0000-000000000000}",
  "name": "QuestBox",
  "type": "QuestBox",
  "position": [
    0.0,
    0.0,
    0.0
  ],
  "rotation": [
    0.0,
    0.0,
    0.0,
    0.0
  ],
  "parameters": {
    "tags": {
      "RangeSpawning": {
        "rangeIn": 1000.0,
        "rangeOut": 20.0
      }
    },
    "size": "SMALL",
    "heightBoxNum": 3,
    "SideBoxNum": 1,
    "depthBoxNum": 1,
    "dropItemParam": {
      "dropNum": 2,
      "velocity": 0.8
    }
  }
}