    {
      "id": "{D62FDF89-E51D-475E-F5C2-7987687073AF}",
      "name": "RedRing0",
      "type": "RedRing",
      "position": [0.0, 0.0, 0.0],
      "rotation": [0.0, 0.0, 0.0, 1.0],
      "parameters": {
        "tags": {
          "RangeSpawning": {
            "rangeIn": 400.0,
            "rangeOut": 20.0
          }
        },
        "modelType": "NORMAL",
        "ItemId": 1,
        "EventType": "EVENT_NONE",
        "RotateType": "WORLD_Y_UP",
        "SeparateTranslucent": false,
        "pathMovement": {
          "moveType": "FIXED",
          "pathName": "",
          "locaterList": [],
          "twoPointOffset": [
            0.0,
            0.0,
            0.0
          ],
          "patrolType": "PATROL_RETURN",
          "timeType": "TIME_GLOBAL",
          "eventDriven": false,
          "isReverse": false,
          "waitTime": 0.0,
          "phase": 0.0,
          "speed": 10.0,
          "killWaitTSecOneway": 0.0
        },
        "collisionRadius": 0.8
      }
    }