{
  "id": "{00000000-0000-0000-0000-000000000000}",
  "name": "ReflexesPanelManager",
  "type": "ReflexesPanelManager",
  "position": [
    0.0,
    0.0,
    0.0
  ],
  "rotation": [
    0.0,
    0.0,
    0.0,
    0.0
  ],
  "parameters": {
    "tags": {
      "RangeSpawning": {
        "rangeIn": 1000.0,
        "rangeOut": 20.0
      }
    },
    "no": 0,
    "panelIds": [
      "{00000000-0000-0000-0000-000000000000}"
    ],
    "panelSwitchId": "{00000000-0000-0000-0000-000000000000}",
    "timeLimit": 25.0,
    "requestNum": 7,
    "createPanelMinTime": 0.2,
    "createPanelMaxTime": 0.2,
    "lightPanelMinTime": 3.0,
    "lightPanelMaxTime": 4.0,
    "cameraParam": {
      "targetOffset": [
        0.0,
        0.0,
        0.0
      ],
      "distance": 10.0,
      "angle": [
        0.0,
        0.0,
        0.0
      ]
    }
  }
}