{
  "id": "{00000000-0000-0000-0000-000000000000}",
  "name": "ReleaseMap",
  "type": "ReleaseMap",
  "position": [
    0.0,
    0.0,
    0.0
  ],
  "rotation": [
    0.0,
    0.0,
    0.0,
    0.0
  ],
  "parameters": {
    "tags": {
      "RangeSpawning": {
        "rangeIn": 1000.0,
        "rangeOut": 20.0
      }
    },
    "no": 1,
    "gimmickInfoNo": 1,
    "cameraUUID": "{00000000-0000-0000-0000-000000000000}",
    "scanCameraEaseIn": 0.0,
    "scanCameraEaseOut": 0.0,
    "mapSensorDistance": 100.0,
    "viewNo": 1
  }
}