{
  "id": "{00000000-0000-0000-0000-000000000000}",
  "name": "RotatableMirror",
  "type": "RotatableMirror",
  "position": [
    0.0,
    0.0,
    0.0
  ],
  "rotation": [
    0.0,
    0.0,
    0.0,
    0.0
  ],
  "parameters": {
    "tags": {
      "RangeSpawning": {
        "rangeIn": 1000.0,
        "rangeOut": 20.0
      }
    },
    "no": 0,
    "eventDriven": false,
    "rotateType": "HORIZANTAL",
    "angularVelocity": 20.0,
    "initVerticalID": 0,
    "cameraParam": {
      "useCameraParam": false,
      "interoplateTimeActivate": 1.0,
      "interoplateTimeDeactivate": 1.0,
      "targetOffset": [
        0.0,
        0.0,
        0.0
      ],
      "cameraPosOffset": [
        0.0,
        0.0,
        0.0
      ]
    }
  }
}