{
  "id": "{00000000-0000-0000-0000-000000000000}",
  "name": "RotatableTombStone",
  "type": "RotatableTombStone",
  "position": [
    0.0,
    0.0,
    0.0
  ],
  "rotation": [
    0.0,
    0.0,
    0.0,
    0.0
  ],
  "parameters": {
    "tags": {
      "RangeSpawning": {
        "rangeIn": 1000.0,
        "rangeOut": 20.0
      }
    },
    "no": 0,
    "isLock": true,
    "collectType": "COLLECT_TYPE_315",
    "angularVelocity": 50.0,
    "rotateList": [
      "{00000000-0000-0000-0000-000000000000}"
    ],
    "rotatablemanager": "{00000000-0000-0000-0000-000000000000}",
    "tombStatue": "{00000000-0000-0000-0000-000000000000}",
    "cameraOffset": [
      0.0,
      0.0,
      0.0
    ]
  }
}