{
  "id": "{00000000-0000-0000-0000-000000000000}",
  "name": "SelectCannon",
  "type": "SelectCannon",
  "position": [
    0.0,
    0.0,
    0.0
  ],
  "rotation": [
    0.0,
    0.0,
    0.0,
    0.0
  ],
  "parameters": {
    "tags": {
      "RangeSpawning": {
        "rangeIn": 1000.0,
        "rangeOut": 20.0
      }
    },
    "isLimitOn": true,
    "limitTime": 3.0,
    "selectNum": 4,
    "launchParam": [
      {
        "direction": [
          0.0,
          0.0,
          0.0
        ],
        "firstSpeed": 20.0,
        "keepVelocityDistance": 0.2,
        "outOfControl": 0.2
      }
    ]
  }
}