{
  "id": "{00000000-0000-0000-0000-000000000000}",
  "name": "SequenceSwitchVolume",
  "type": "SequenceSwitchVolume",
  "position": [
    0.0,
    0.0,
    0.0
  ],
  "rotation": [
    0.0,
    0.0,
    0.0,
    0.0
  ],
  "parameters": {
    "tags": {
      "RangeSpawning": {
        "rangeIn": 1000.0,
        "rangeOut": 20.0
      }
    },
    "no": 0,
    "eventDriven": true,
    "volume": {
      "ShapeType": "SHAPE_BOX",
      "basePoint": "BASE_Y_PLANE",
      "CollisionFilter": "FILTER_DEFAULT",
      "CollisionWidth": 10.0,
      "CollisionHeight": 20.0,
      "CollisionDepth": 10.0,
      "CollisionOffset": [
        0.0,
        0.0,
        0.0
      ]
    },
    "menuDisabled": false
  }
}