{
  "id": "{00000000-0000-0000-0000-000000000000}",
  "name": "ShootingEnemyManager",
  "type": "ShootingEnemyManager",
  "position": [
    0.0,
    0.0,
    0.0
  ],
  "rotation": [
    0.0,
    0.0,
    0.0,
    0.0
  ],
  "parameters": {
    "tags": {
      "RangeSpawning": {
        "rangeIn": 1000.0,
        "rangeOut": 20.0
      }
    },
    "no": -1,
    "enemyIds": [
      "{00000000-0000-0000-0000-000000000000}"
    ],
    "luaName": "",
    "changeWaveCondition": {
      "coreEnemyHpRemain": true,
      "coreEnemyRemanHpPersentage": 30.0,
      "timeLimitFlag": false,
      "limitTime": 30.0,
      "normalEnemyAllClear": true
    },
    "startScriptAfterSerif": false,
    "soundName": ""
  }
}