{
  "id": "{00000000-0000-0000-0000-000000000000}",
  "name": "ShotgunTouchManager",
  "type": "ShotgunTouchManager",
  "position": [
    0.0,
    0.0,
    0.0
  ],
  "rotation": [
    0.0,
    0.0,
    0.0,
    0.0
  ],
  "parameters": {
    "tags": {
      "RangeSpawning": {
        "rangeIn": 1000.0,
        "rangeOut": 20.0
      }
    },
    "no": 0,
    "createRadiusMin": 25.0,
    "createRadiusMax": 50.0,
    "createHeight": 40.0,
    "createVelocity": 0.0,
    "switchId": "{00000000-0000-0000-0000-000000000000}"
  }
}