{
  "id": "{00000000-0000-0000-0000-000000000000}",
  "name": "Shutter",
  "type": "Shutter",
  "position": [
    0.0,
    0.0,
    0.0
  ],
  "rotation": [
    0.0,
    0.0,
    0.0,
    0.0
  ],
  "parameters": {
    "tags": {
      "RangeSpawning": {
        "rangeIn": 1000.0,
        "rangeOut": 20.0
      }
    },
    "no": 0,
    "shutterSize": [
      0.0,
      0.0,
      0.0
    ],
    "moveHeight": 0.0,
    "moveSpeed": 0.0,
    "initOpen": false,
    "moveLinkList": [
      "{00000000-0000-0000-0000-000000000000}"
    ]
  }
}