{
  "id": "{00000000-0000-0000-0000-000000000000}",
  "name": "SideReel",
  "type": "SideReel",
  "position": [
    0.0,
    0.0,
    0.0
  ],
  "rotation": [
    0.0,
    0.0,
    0.0,
    0.0
  ],
  "parameters": {
    "tags": {
      "RangeSpawning": {
        "rangeIn": 1000.0,
        "rangeOut": 20.0
      }
    },
    "visiableLegModel": true,
    "standLegNum": 0,
    "length": 20.0,
    "upSpeedMax": 50.0,
    "firstSpeed": 40.0,
    "shotAngle": 0.0,
    "outOfControl": 0.3,
    "isOneTimeUp": false,
    "eventDriven": false,
    "actions": [
      {
        "action": "On",
        "objectIds": [
          "{00000000-0000-0000-0000-000000000000}"
        ],
        "delayTime": 0.0
      }
    ]
  }
}