{
  "id": "{00000000-0000-0000-0000-000000000000}",
  "name": "SlashCommon",
  "type": "SlashCommon",
  "position": [
    0.0,
    0.0,
    0.0
  ],
  "rotation": [
    0.0,
    0.0,
    0.0,
    0.0
  ],
  "parameters": {
    "tags": {
      "RangeSpawning": {
        "rangeIn": 1000.0,
        "rangeOut": 20.0
      }
    },
    "no": 0,
    "eventDriven": false,
    "type": "BONFIRE",
    "condition": "COND_ONCE",
    "activateTime": 0.0,
    "isLimitedTime": false,
    "startHour": 20,
    "startMin": 38,
    "endHour": 4,
    "endMin": 10,
    "timingBugFixEnable": false
  }
}