{
  "id": "{00000000-0000-0000-0000-000000000000}",
  "name": "SoundSourceVolume",
  "type": "SoundSourceVolume",
  "position": [
    0.0,
    0.0,
    0.0
  ],
  "rotation": [
    0.0,
    0.0,
    0.0,
    0.0
  ],
  "parameters": {
    "tags": {
      "RangeSpawning": {
        "rangeIn": 1000.0,
        "rangeOut": 20.0
      }
    },
    "volumeTrigger": {
      "ShapeType": "SHAPE_BOX",
      "basePoint": "BASE_CENTER",
      "CollisionFilter": "FILTER_DEFAULT",
      "CollisionWidth": 40.0,
      "CollisionHeight": 160.0,
      "CollisionDepth": 30.0,
      "CollisionOffset": [
        0.0,
        0.0,
        0.0
      ]
    }
  }
}