{
  "id": "{00000000-0000-0000-0000-000000000000}",
  "name": "SoundSourceExtent",
  "type": "SoundSourceExtent",
  "position": [
    0.0,
    0.0,
    0.0
  ],
  "rotation": [
    0.0,
    0.0,
    0.0,
    0.0
  ],
  "parameters": {
    "tags": {
      "RangeSpawning": {
        "rangeIn": 1000.0,
        "rangeOut": 20.0
      }
    },
    "cueName": "",
    "playMode": "PLAYMODE_LOOP",
    "timeOffset": 0.0,
    "playInterval": 3.0,
    "volume": 1.0,
    "shape": "SHAPE_SPHERE",
    "hearingRange": [
      0.0,
      0.0,
      0.0
    ],
    "undampedRange": [
      0.0,
      0.0,
      0.0
    ]
  }
}