{
  "id": "{00000000-0000-0000-0000-000000000000}",
  "name": "SpotLight",
  "type": "SpotLight",
  "position": [
    0.0,
    0.0,
    0.0
  ],
  "rotation": [
    0.0,
    0.0,
    0.0,
    0.0
  ],
  "parameters": {
    "tags": {
      "RangeSpawning": {
        "rangeIn": 1000.0,
        "rangeOut": 20.0
      }
    },
    "colorR": 0.0,
    "colorG": 0.0,
    "colorB": 0.0,
    "innerConeAngle": 0.0,
    "outerConeAngle": 0.0,
    "attenuationRadius": 10.0,
    "enableShadow": false
  }
}