{
  "id": "{00000000-0000-0000-0000-000000000000}",
  "name": "SpringBoard",
  "type": "SpringBoard",
  "position": [
    0.0,
    0.0,
    0.0
  ],
  "rotation": [
    0.0,
    0.0,
    0.0,
    0.0
  ],
  "parameters": {
    "tags": {
      "RangeSpawning": {
        "rangeIn": 1000.0,
        "rangeOut": 20.0
      }
    },
    "firstSpeed": 0.0,
    "outOfControl": 0.0,
    "keepVelocityDistance": 0.0,
    "isEventOn": false,
    "isHorizon": false,
    "isVisible": false
  }
}