{
  "id": "{00000000-0000-0000-0000-000000000000}",
  "name": "TerrainPath",
  "type": "TerrainPath",
  "position": [
    0.0,
    0.0,
    0.0
  ],
  "rotation": [
    0.0,
    0.0,
    0.0,
    0.0
  ],
  "parameters": {
    "tags": {
      "RangeSpawning": {
        "rangeIn": 1000.0,
        "rangeOut": 20.0
      }
    },
    "pathName": "",
    "widthStart": 0.0,
    "widthEnd": 0.0,
    "height": 0.0,
    "wallHeight": 0.0,
    "split": 0,
    "attrLoop": false
  }
}