{
  "id": "{00000000-0000-0000-0000-000000000000}",
  "name": "TheEndPlayerMachine",
  "type": "TheEndPlayerMachine",
  "position": [
    0.0,
    0.0,
    0.0
  ],
  "rotation": [
    0.0,
    0.0,
    0.0,
    0.0
  ],
  "parameters": {
    "tags": {
      "RangeSpawning": {
        "rangeIn": 1000.0,
        "rangeOut": 20.0
      }
    },
    "rightLimit": 43.0,
    "leftLimit": 43.0,
    "frontLimit": 41.6,
    "backLimit": 2.5,
    "enableDepth": true,
    "targetManager": "{00000000-0000-0000-0000-000000000000}",
    "pitchRotate": -65.0
  }
}