{
  "id": "{00000000-0000-0000-0000-000000000000}",
  "name": "ThornBallCA",
  "type": "ThornBallCA",
  "position": [
    0.0,
    0.0,
    0.0
  ],
  "rotation": [
    0.0,
    0.0,
    0.0,
    0.0
  ],
  "parameters": {
    "tags": {
      "RangeSpawning": {
        "rangeIn": 1000.0,
        "rangeOut": 20.0
      }
    },
    "type": "TYPE_NORMAL",
    "modelType": "MODEL_AMY",
    "hitEnemy": false,
    "moveParam": {
      "time": 2.0,
      "distance": 5.0,
      "phase": 0.0,
      "direction": "DIR_HORIZONTAL",
      "timeType": "TIME_GLOBAL"
    },
    "rollingParam": {
      "time": 2.0,
      "radius": 3.0,
      "phase": 0.0,
      "direction": "DIR_HORIZONTAL"
    },
    "eventDriven": false,
    "collisionRate": 1.0,
    "isEnableTimeStop": false,
    "stopTime": 5.0,
    "timeStopGroupID": -1,
    "offsetY": 0.0
  }
}