{
  "id": "{00000000-0000-0000-0000-000000000000}",
  "name": "TimerSwitch",
  "type": "TimerSwitch",
  "position": [
    0.0,
    0.0,
    0.0
  ],
  "rotation": [
    0.0,
    0.0,
    0.0,
    0.0
  ],
  "parameters": {
    "tags": {
      "RangeSpawning": {
        "rangeIn": 1000.0,
        "rangeOut": 20.0
      }
    },
    "no": 1,
    "activateTime": 50.0,
    "isUseStartCamera": true,
    "startCamera": "{00000000-0000-0000-0000-000000000000}",
    "startWaitTime": 2.0,
    "isFristSEPlay": true,
    "individualTimer": false
  }
}